Actor,Movies
Christian Bale,11.0
Mark Wahlberg,11.0
 Rose Byrne,9.0
 Woody Harrelson,9.0
Adam Sandler,9.0
Brad Pitt,9.0
Denzel Washington,9.0
Jake Gyllenhaal,9.0
Leonardo DiCaprio,9.0
Matthew McConaughey,9.0
Will Smith,9.0
 Anne Hathaway,8.0
 Cate Blanchett,8.0
 Chloë Grace Moretz,8.0
 Hugh Jackman,8.0
 Joel Edgerton,8.0
 Michelle Monaghan,8.0
 Morgan Freeman,8.0
 Scarlett Johansson,8.0
Daniel Radcliffe,8.0
Jennifer Lawrence,8.0
Johnny Depp,8.0
Robert Downey Jr.,8.0
Tom Hanks,8.0
Tom Hardy,8.0
 Ben Kingsley,7.0
 Bradley Cooper,7.0
 Charlize Theron,7.0
 Emma Stone,7.0
 Emma Watson,7.0
 Jamie Bell,7.0
 Jonah Hill,7.0
 Mark Strong,7.0
 Rachel McAdams,7.0
 Samuel L. Jackson,7.0
Channing Tatum,7.0
Matt Damon,7.0
Michael Fassbender,7.0
Tom Cruise,7.0
 Anna Kendrick,6.0
 Ben Foster,6.0
 Chiwetel Ejiofor,6.0
 Emily Blunt,6.0
 Gerard Butler,6.0
 Josh Brolin,6.0
 Jude Law,6.0
 Kristen Wiig,6.0
 Leslie Mann,6.0
 Liam Hemsworth,6.0
 Mark Ruffalo,6.0
 Mila Kunis,6.0
 Owen Wilson,6.0
 Rachel Weisz,6.0
 Ralph Fiennes,6.0
 Rosario Dawson,6.0
 Theo James,6.0
 Viola Davis,6.0
 Zoe Saldana,6.0
Ben Affleck,6.0
Chris Hemsworth,6.0
Chris Pine,6.0
George Clooney,6.0
Hugh Jackman,6.0
Jesse Eisenberg,6.0
Joseph Gordon-Levitt,6.0
Kristen Stewart,6.0
Naomi Watts,6.0
Seth Rogen,6.0
Shia LaBeouf,6.0
Sylvester Stallone,6.0
Vin Diesel,6.0
Will Ferrell,6.0
 Aaron Eckhart,5.0
 Abbie Cornish,5.0
 Alicia Vikander,5.0
 Amy Adams,5.0
 Andrew Scott,5.0
 Bill Nighy,5.0
 Brendan Gleeson,5.0
 Bryan Cranston,5.0
 Bryce Dallas Howard,5.0
 Channing Tatum,5.0
 Charlotte Le Bon,5.0
 Cillian Murphy,5.0
 Diane Kruger,5.0
 Domhnall Gleeson,5.0
 Dwayne Johnson,5.0
 Gary Oldman,5.0
 Hailee Steinfeld,5.0
 Helena Bonham Carter,5.0
 J.K. Simmons,5.0
 Javier Bardem,5.0
 Jennifer Garner,5.0
 Jessica Chastain,5.0
 John C. Reilly,5.0
 John Goodman,5.0
 Josh Duhamel,5.0
 Josh Hutcherson,5.0
 Kate Winslet,5.0
 Lena Headey,5.0
 Liam Neeson,5.0
 Liev Schreiber,5.0
 Margot Robbie,5.0
 Marion Cotillard,5.0
 Martin Freeman,5.0
 Michael Fassbender,5.0
 Michael Peña,5.0
 Michelle Rodriguez,5.0
 Paula Patton,5.0
 Robert Pattinson,5.0
 Rosamund Pike,5.0
 Ryan Gosling,5.0
 Seth Rogen,5.0
 Shia LaBeouf,5.0
 Sienna Miller,5.0
 T.J. Miller,5.0
 Teresa Palmer,5.0
 Tim Roth,5.0
 Willem Dafoe,5.0
Andrew Garfield,5.0
Angelina Jolie,5.0
Anna Kendrick,5.0
Ben Stiller,5.0
Chris Evans,5.0
Daniel Craig,5.0
Dwayne Johnson,5.0
Ethan Hawke,5.0
Gerard Butler,5.0
James Franco,5.0
James McAvoy,5.0
Jason Bateman,5.0
Kate Beckinsale,5.0
Liam Neeson,5.0
Logan Lerman,5.0
Michael Caine,5.0
Ryan Gosling,5.0
Sharlto Copley,5.0
Steve Carell,5.0
Zac Efron,5.0
 Alec Baldwin,4.0
 Amanda Seyfried,4.0
 Amy Ryan,4.0
 Anthony Mackie,4.0
 Brad Pitt,4.0
 Britt Robertson,4.0
 Casey Affleck,4.0
 Chris Evans,4.0
 Chris Hemsworth,4.0
 Chris Pratt,4.0
 Ciarán Hinds,4.0
 Elizabeth Banks,4.0
 Eric Bana,4.0
 Felicity Jones,4.0
 Garrett Hedlund,4.0
 Gwyneth Paltrow,4.0
 Haley Bennett,4.0
 Ian McKellen,4.0
 Ian McShane,4.0
 Idris Elba,4.0
 Imogen Poots,4.0
 James Franco,4.0
 James McAvoy,4.0
 Jamie Foxx,4.0
 Jason Bateman,4.0
 Jason Statham,4.0
 Jason Sudeikis,4.0
 Jeff Bridges,4.0
 Jennifer Aniston,4.0
 Jennifer Connelly,4.0
 Jeremy Irons,4.0
 Jeremy Renner,4.0
 Johnny Depp,4.0
 Judi Dench,4.0
 Kate Mara,4.0
 Keira Knightley,4.0
 Kevin James,4.0
 Kyle Chandler,4.0
 Mark Wahlberg,4.0
 Maya Rudolph,4.0
 Meryl Streep,4.0
 Natalie Portman,4.0
 Paul Walker,4.0
 Penélope Cruz,4.0
 Peter Sarsgaard,4.0
 Rebecca Hall,4.0
 Rebel Wilson,4.0
 Richard Jenkins,4.0
 Robert De Niro,4.0
 Robert Downey Jr.,4.0
 Ron Perlman,4.0
 Rooney Mara,4.0
 Rupert Grint,4.0
 Ryan Reynolds,4.0
 Sam Claflin,4.0
 Sarah Gadon,4.0
 Sharlto Copley,4.0
 Taylor Lautner,4.0
 Thandie Newton,4.0
 Tom Hardy,4.0
 Tyrese Gibson,4.0
 Vera Farmiga,4.0
 Vincent Cassel,4.0
Aaron Taylor-Johnson,4.0
Amy Adams,4.0
Anne Hathaway,4.0
Bradley Cooper,4.0
Colin Farrell,4.0
Colin Firth,4.0
Dev Patel,4.0
Eddie Redmayne,4.0
Jay Baruchel,4.0
Jennifer Aniston,4.0
Jeremy Renner,4.0
Josh Brolin,4.0
Keanu Reeves,4.0
Kevin Costner,4.0
Mia Wasikowska,4.0
Miles Teller,4.0
Natalie Portman,4.0
Patrick Wilson,4.0
Robert De Niro,4.0
Russell Crowe,4.0
Sam Worthington,4.0
Sandra Bullock,4.0
Saoirse Ronan,4.0
Scarlett Johansson,4.0
Shailene Woodley,4.0
Simon Pegg,4.0
Zoey Deutch,4.0
 Adam Driver,3.0
 Alan Rickman,3.0
 Albert Brooks,3.0
 Alexandra Daddario,3.0
 Alison Brie,3.0
 Amber Heard,3.0
 Andrea Riseborough,3.0
 Anthony Hopkins,3.0
 Armie Hammer,3.0
 Bill Hader,3.0
 Bill Murray,3.0
 Bill Paxton,3.0
 Blake Lively,3.0
 Brie Larson,3.0
 Cameron Diaz,3.0
 Carey Mulligan,3.0
 Charlie Day,3.0
 Charlotte Gainsbourg,3.0
 Chris Pine,3.0
 Christoph Waltz,3.0
 Christopher Plummer,3.0
 Daniel Brühl,3.0
 Dennis Quaid,3.0
 Diego Luna,3.0
 Dominic Cooper,3.0
 Dustin Hoffman,3.0
 Dylan Minnette,3.0
 Ed Harris,3.0
 Edgar Ramírez,3.0
 Elle Fanning,3.0
 Ellen Page,3.0
 Emily Mortimer,3.0
 Eva Green,3.0
 Eva Mendes,3.0
 Gugu Mbatha-Raw,3.0
 Guy Pearce,3.0
 Irrfan Khan,3.0
 Jack Huston,3.0
 Jacob Tremblay,3.0
 Jai Courtney,3.0
 James Badge Dale,3.0
 James Marsden,3.0
 Jason Clarke,3.0
 Jennifer Lawrence,3.0
 Jet Li,3.0
 Jim Sturgess,3.0
 Joan Allen,3.0
 John Leguizamo,3.0
 Jon Hamm,3.0
 Joseph Gordon-Levitt,3.0
 Julia Roberts,3.0
 Julianne Moore,3.0
 Justin Timberlake,3.0
 Kathryn Hahn,3.0
 Ken Watanabe,3.0
 Keri Russell,3.0
 Kevin Hart,3.0
 Kevin Spacey,3.0
 Kiefer Sutherland,3.0
 Kirsten Dunst,3.0
 Laura Linney,3.0
 Liv Tyler,3.0
 Luke Bracey,3.0
 Maggie Grace,3.0
 Maria Bello,3.0
 Mary Elizabeth Winstead,3.0
 Matt Damon,3.0
 Michael Keaton,3.0
 Michael Sheen,3.0
 Michelle Williams,3.0
 Naomi Watts,3.0
 Nicholas Hoult,3.0
 Nick Frost,3.0
 Nicole Kidman,3.0
 Nikolaj Coster-Waldau,3.0
 Noomi Rapace,3.0
 Olga Kurylenko,3.0
 Patrick Wilson,3.0
 Paul Rudd,3.0
 Philip Seymour Hoffman,3.0
 Pierce Brosnan,3.0
 Rebecca Ferguson,3.0
 Richard Armitage,3.0
 Robert Capron,3.0
 Russell Crowe,3.0
 Selena Gomez,3.0
 Seth MacFarlane,3.0
 Shailene Woodley,3.0
 Sigourney Weaver,3.0
 Simon Pegg,3.0
 Terry Crews,3.0
 Tessa Thompson,3.0
 Tom Hiddleston,3.0
 Tommy Lee Jones,3.0
 Will Arnett,3.0
 Xavier Samuel,3.0
 Zac Efron,3.0
 Zachary Quinto,3.0
Aamir Khan,3.0
Aaron Paul,3.0
Alexander Skarsgård,3.0
Cate Blanchett,3.0
Charlize Theron,3.0
Charlotte Gainsbourg,3.0
Chiwetel Ejiofor,3.0
Chloë Grace Moretz,3.0
Chris Pratt,3.0
Dylan O'Brien,3.0
Edward Norton,3.0
Elle Fanning,3.0
Emma Stone,3.0
Gary Oldman,3.0
Geoffrey Rush,3.0
Henry Cavill,3.0
Jack Black,3.0
Jamie Dornan,3.0
Jason Clarke,3.0
Jason Sudeikis,3.0
Jemaine Clement,3.0
Jessica Chastain,3.0
Keira Knightley,3.0
Kurt Russell,3.0
Lily Collins,3.0
Lily James,3.0
Megan Fox,3.0
Melissa McCarthy,3.0
Milla Jovovich,3.0
Nicholas Hoult,3.0
Nicole Kidman,3.0
Owen Wilson,3.0
Patrick Stewart,3.0
Reese Witherspoon,3.0
Rooney Mara,3.0
Ryan Reynolds,3.0
Stellan Skarsgård,3.0
Zach Galifianakis,3.0
Zachary Gordon,3.0
 Aaron Burns,2.0
 Aaron Taylor-Johnson,2.0
 Abigail Breslin,2.0
 Adrian Martinez,2.0
 Adèle Exarchopoulos,2.0
 Alan Alda,2.0
 Alex Pettyfer,2.0
 Ali Larter,2.0
 Alice Braga,2.0
 Alice Eve,2.0
 Andy Serkis,2.0
 Angelina Jolie,2.0
 Anna Faris,2.0
 Annabelle Wallis,2.0
 Ansel Elgort,2.0
 Anya Taylor-Joy,2.0
 Aoi Yuki,2.0
 Art Parkinson,2.0
 Asa Butterfield,2.0
 Aubrey Plaza,2.0
 Audrey Tautou,2.0
 Barkhad Abdi,2.0
 Barry Ward,2.0
 Ben Whishaw,2.0
 Benedict Cumberbatch,2.0
 Billy Bob Thornton,2.0
 Billy Crudup,2.0
 Blythe Danner,2.0
 Bob Balaban,2.0
 Brooklyn Decker,2.0
 Bruce Greenwood,2.0
 Bruce Willis,2.0
 Cam Gigandet,2.0
 Carla Gugino,2.0
 Catherine Keener,2.0
 Charlie Hunnam,2.0
 Chris Rock,2.0
 Christian Bale,2.0
 Christina Hendricks,2.0
 Christopher Mintz-Plasse,2.0
 Clifton Collins Jr.,2.0
 Clive Owen,2.0
 Cobie Smulders,2.0
 Colin Farrell,2.0
 Corey Stoll,2.0
 Craig Ferguson,2.0
 Cynthia Nixon,2.0
 Dakota Johnson,2.0
 Dan Byrd,2.0
 Danila Kozlovsky,2.0
 Danny McBride,2.0
 Dave Franco,2.0
 David Harbour,2.0
 David Morse,2.0
 David Spade,2.0
 David Strathairn,2.0
 David Thewlis,2.0
 Devon Bostick,2.0
 Dianna Agron,2.0
 Djimon Hounsou,2.0
 Dominic West,2.0
 Douglas M. Griffin,2.0
 Ed Helms,2.0
 Ed Oxenbould,2.0
 Edward Norton,2.0
 Elizabeth Olsen,2.0
 Ellen Burstyn,2.0
 Emile Hirsch,2.0
 Emilie de Ravin,2.0
 Emily Browning,2.0
 Emma Thompson,2.0
 Emory Cohen,2.0
 Eric Stonestreet,2.0
 Erin Moriarty,2.0
 Ethan Hawke,2.0
 Evangeline Lilly,2.0
 Ewen Leslie,2.0
 Ezra Miller,2.0
 Famke Janssen,2.0
 Forest Whitaker,2.0
 Freida Pinto,2.0
 Gabriel Basso,2.0
 Gal Gadot,2.0
 Gary Cole,2.0
 Geoffrey Rush,2.0
 George Clooney,2.0
 Gil Birmingham,2.0
 Greta Gerwig,2.0
 Haley Lu Richardson,2.0
 Halle Berry,2.0
 Harrison Ford,2.0
 Heath Ledger,2.0
 Helen Mirren,2.0
 Hugh Grant,2.0
 Hugo Weaving,2.0
 Ice Cube,2.0
 Jack Davenport,2.0
 Jack Reynor,2.0
 Jaden Smith,2.0
 Jake Gyllenhaal,2.0
 James Frecheville,2.0
 James Ransone,2.0
 Jane Fonda,2.0
 Jane Levy,2.0
 Jared Harris,2.0
 Jared Leto,2.0
 Jason Schwartzman,2.0
 Jason Segel,2.0
 Jeff Daniels,2.0
 Jeffrey Wright,2.0
 Jenna Dewan Tatum,2.0
 Jennifer Ehle,2.0
 Jesse Eisenberg,2.0
 Jessica Alba,2.0
 Jessica Biel,2.0
 Jessica Lucas,2.0
 Jim Broadbent,2.0
 Jim Carrey,2.0
 Jodie Foster,2.0
 Joe Anderson,2.0
 John Corbett,2.0
 John Hurt,2.0
 Jon Bernthal,2.0
 Jon Favreau,2.0
 Jordana Brewster,2.0
 Josh Gad,2.0
 Josh Wiggins,2.0
 Judy Davis,2.0
 Justin Bartha,2.0
 Justin Long,2.0
 Justin Theroux,2.0
 Karl Glusman,2.0
 Karl Urban,2.0
 Kate Bosworth,2.0
 Kate Hudson,2.0
 Katee Sackhoff,2.0
 Kaya Scodelario,2.0
 Keanu Reeves,2.0
 Kerry Bishé,2.0
 Kevin Bacon,2.0
 Kim Cattrall,2.0
 Kodi Smit-McPhee,2.0
 Kristen Bell,2.0
 Kristen Stewart,2.0
 Kristin Davis,2.0
 Kurt Russell,2.0
 Kyle Gallner,2.0
 Larry the Cable Guy,2.0
 Laura Dern,2.0
 Laurie Holden,2.0
 Leslie Bibb,2.0
 Lewis Black,2.0
 Lia Marie Johnson,2.0
 Lin Shaye,2.0
 Linda Cardellini,2.0
 Lisa Kudrow,2.0
 Lizzy Caplan,2.0
 Lucy Boynton,2.0
 Léa Seydoux,2.0
 Malin Akerman,2.0
 Marcia Gay Harden,2.0
 Martin Henderson,2.0
 Marton Csokas,2.0
 Mary Steenburgen,2.0
 Mathieu Amalric,2.0
 Matt Bomer,2.0
 Matthew Goode,2.0
 Matthew Macfadyen,2.0
 Max Minghella,2.0
 Megan Fox,2.0
 Michael B. Jordan,2.0
 Michael Gambon,2.0
 Michael McElhatton,2.0
 Michael Nyqvist,2.0
 Michael Parks,2.0
 Michael Shannon,2.0
 Michelle Pfeiffer,2.0
 Michelle Yeoh,2.0
 Michiel Huisman,2.0
 Mickey Rourke,2.0
 Mike Birbiglia,2.0
 Miles Fisher,2.0
 Miles Teller,2.0
 Mireille Enos,2.0
 Nadine Velazquez,2.0
 Nick Damici,2.0
 Nick Offerman,2.0
 Nicola Peltz,2.0
 Octavia Spencer,2.0
 Oliver Platt,2.0
 Olivia Munn,2.0
 Olivia Thirlby,2.0
 Olivia Wilde,2.0
 Oprah Winfrey,2.0
 Orlando Bloom,2.0
 Oscar Isaac,2.0
 Patricia Clarkson,2.0
 Patrick Dempsey,2.0
 Paul Dano,2.0
 Paul Giamatti,2.0
 Rachel House,2.0
 Ray Stevenson,2.0
 Ray Winstone,2.0
 Rene Russo,2.0
 Richard Madden,2.0
 Rob Riggle,2.0
 Robbie Amell,2.0
 Robert Redford,2.0
 Robin Williams,2.0
 Robin Wright,2.0
 Rodrigo Santoro,2.0
 Rose Leslie,2.0
 Rose McGowan,2.0
 Ryan Guzman,2.0
 Sally Hawkins,2.0
 Sam Rockwell,2.0
 Sam Worthington,2.0
 Sarah Silverman,2.0
 Scott Glenn,2.0
 Sean Bean,2.0
 Sienna Guillory,2.0
 Stellan Skarsgård,2.0
 Steve Carell,2.0
 Steve Zahn,2.0
 Susan Sarandon,2.0
 Taron Egerton,2.0
 Taylor Kitsch,2.0
 Terrence Howard,2.0
 Thomas Brodie-Sangster,2.0
 Thomas Haden Church,2.0
 Thomas Jane,2.0
 Thomas Lennon,2.0
 Tilda Swinton,2.0
 Timothy Olyphant,2.0
 Tina Fey,2.0
 Tom Holland,2.0
 Tom Wilkinson,2.0
 Toni Collette,2.0
 Topher Grace,2.0
 Tracy Letts,2.0
 Ty Simpkins,2.0
 Vince Vaughn,2.0
 Vincent D'Onofrio,2.0
 Wendi McLendon-Covey,2.0
 Wentworth Miller,2.0
 Wes Bentley,2.0
 Will Ferrell,2.0
 Will Poulter,2.0
 William Fichtner,2.0
 William Hurt,2.0
 Zoey Deutch,2.0
 Zooey Deschanel,2.0
 Zoë Bell,2.0
 Zoë Kravitz,2.0
Abigail Breslin,2.0
Adrien Brody,2.0
Alfred Molina,2.0
Amanda Seyfried,2.0
Amy Poehler,2.0
Andy Samberg,2.0
Angela Bassett,2.0
Anna Faris,2.0
Anthony Hopkins,2.0
Asa Butterfield,2.0
Ben Kingsley,2.0
Ben Whishaw,2.0
Benedict Cumberbatch,2.0
Blake Lively,2.0
Brenton Thwaites,2.0
Brie Larson,2.0
Bruce Willis,2.0
Bryan Cranston,2.0
Byung-hun Lee,2.0
Cameron Diaz,2.0
Casey Affleck,2.0
Christopher Mintz-Plasse,2.0
Christopher Plummer,2.0
Connor Paolo,2.0
Dakota Fanning,2.0
Dakota Johnson,2.0
Dan Stevens,2.0
Daniel Day-Lewis,2.0
David Oyelowo,2.0
Dennis Quaid,2.0
Don Cheadle,2.0
Edgar Ramírez,2.0
Ellen Page,2.0
Emile Hirsch,2.0
Emily Blunt,2.0
Emily Browning,2.0
Emma Roberts,2.0
Essie Davis,2.0
Ewan McGregor,2.0
Forest Whitaker,2.0
Gemma Arterton,2.0
Harrison Ford,2.0
Helen Mirren,2.0
Hilary Swank,2.0
Ian McKellen,2.0
Idris Elba,2.0
Isabelle Huppert,2.0
Jason Biggs,2.0
Jason Statham,2.0
Jeff Bridges,2.0
Jim Sturgess,2.0
Joaquin Phoenix,2.0
John Cusack,2.0
John Gallagher Jr.,2.0
Jonah Hill,2.0
Julianne Hough,2.0
Julianne Moore,2.0
Karl Urban,2.0
Kate Winslet,2.0
Katherine Heigl,2.0
Keegan-Michael Key,2.0
Kenneth Branagh,2.0
Kirsten Dunst,2.0
Kristen Bell,2.0
Laurent Lucas,2.0
Luke Wilson,2.0
Maika Monroe,2.0
Malin Akerman,2.0
Melissa Leo,2.0
Meryl Streep,2.0
Michael Cera,2.0
Michael Keaton,2.0
Michael Stuhlbarg,2.0
Mila Kunis,2.0
Nat Wolff,2.0
Nick Offerman,2.0
Nicolas Cage,2.0
Noomi Rapace,2.0
Paul Rudd,2.0
Rachel Weisz,2.0
Rebecca Hall,2.0
Richard Gere,2.0
Sacha Baron Cohen,2.0
Samuel L. Jackson,2.0
Sarah Jessica Parker,2.0
Sean Penn,2.0
Sigourney Weaver,2.0
Stephen Lang,2.0
Steve Zahn,2.0
Teresa Palmer,2.0
Thomas Mann,2.0
Tilda Swinton,2.0
Tobey Maguire,2.0
Tom Wilkinson,2.0
Tye Sheridan,2.0
Vera Farmiga,2.0
Viggo Mortensen,2.0
Vince Vaughn,2.0
Vinnie Jones,2.0
Zooey Deschanel,2.0
 50 Cent,1.0
 A.C. Peterson,1.0
 AJ Michalka,1.0
 Aamir Khan,1.0
 Aaron Paul,1.0
 Aaron Yoo,1.0
 Aasif Mandvi,1.0
 Adam Brody,1.0
 Adam Campbell,1.0
 Adam Devine,1.0
 Adam G. Sevani,1.0
 Adam Levine,1.0
 Addison Timlin,1.0
 Adewale Akinnuoye-Agbaje,1.0
 Adil Hussain,1.0
 Adria Arjona,1.0
 Adrian Grenier,1.0
 Adrianne Palicki,1.0
 Aidan Gillen,1.0
 Aidan Turner,1.0
 Aiden Longworth,1.0
 Akihiro Kitamura,1.0
 Alain Moussi,1.0
 Alan Arkin,1.0
 Alan Tudyk,1.0
 Albert Finney,1.0
 Alden Ehrenreich,1.0
 Aldis Hodge,1.0
 Aleksandr Armer,1.0
 Alessandro Nivola,1.0
 Alex Essoe,1.0
 Alex Fisher,1.0
 Alex R. Hibbert,1.0
 Alexander Skarsgård,1.0
 Alexis Clagett,1.0
 Alexis Dziena,1.0
 Alfie Allen,1.0
 Alfre Woodard,1.0
 Alfred Molina,1.0
 Alia Shawkat,1.0
 Alison Pill,1.0
 Alison Sudol,1.0
 Alistair Abell,1.0
 Allen Leech,1.0
 Allison Janney,1.0
 Allison Tolman,1.0
 Alon Aboutboul,1.0
 Alyson Hannigan,1.0
 Amanda Bynes,1.0
 Amanda Righetti,1.0
 Amara Miller,1.0
 Amber Tamblyn,1.0
 America Ferrera,1.0
 Ana Wagener,1.0
 Ana de Armas,1.0
 Analeigh Tipton,1.0
 Andrea Whitburn,1.0
 Andrew Garfield,1.0
 Andrew Howard,1.0
 Andrew Simpson,1.0
 André Marcon,1.0
 Andy Buckley,1.0
 Andy Garcia,1.0
 Andy Lau,1.0
 Andy Samberg,1.0
 Ang Phula Sherpa,1.0
 Angeliki Papoulia,1.0
 Angelique Pereira,1.0
 Angelo Josue Lozano Corzo,1.0
 Angourie Rice,1.0
 Anika Noni Rose,1.0
 Anil Kapoor,1.0
 Anna Camp,1.0
 Anna Foglietta,1.0
 Anna Friel,1.0
 Anna Hutchison,1.0
 AnnaSophia Robb,1.0
 Annabelle Attanasio,1.0
 Annalise Basso,1.0
 Anne Consigny,1.0
 Anne Le Ny,1.0
 Annie Rose Buckley,1.0
 Annika Wedderkopp,1.0
 Anthony Anderson,1.0
 Anthony Cirillo,1.0
 Antje Traue,1.0
 Antoine Bertrand,1.0
 Antoine-Olivier Pilon,1.0
 Anton Yelchin,1.0
 Antonia Ribero,1.0
 Antonio Banderas,1.0
 Antonio Tarver,1.0
 Anushka Sharma,1.0
 Anushka Shetty,1.0
 Ari Graynor,1.0
 Ariadna Gil,1.0
 Ariel Levy,1.0
 Arielle Holmes,1.0
 Arlen Escarpeta,1.0
 Armin Mueller-Stahl,1.0
 Arnaud Viard,1.0
 Arnold Schwarzenegger,1.0
 Arturo Castro,1.0
 Aryana Engineer,1.0
 Ashleigh Cummings,1.0
 Ashley Benson,1.0
 Ashley C. Williams,1.0
 Ashley Walters,1.0
 Ashlyn Sanchez,1.0
 Ashlynn Yennie,1.0
 Ashton Kutcher,1.0
 Astrid Bergès-Frisbey,1.0
 Audrey Fleurot,1.0
 Aurélien Recoing,1.0
 Austin Abrams,1.0
 Austin Pendleton,1.0
 Austin Stowell,1.0
 Axel Devillers,1.0
 Ayse Howard,1.0
 Babak Karimi,1.0
 Bahar Pars,1.0
 Baptiste Goy,1.0
 Barkhad Abdirahman,1.0
 Barry Pepper,1.0
 Bee Vang,1.0
 Bel Powley,1.0
 Bella Heathcote,1.0
 Bella Thorne,1.0
 Ben Walker,1.0
 Benedict Wong,1.0
 Benicio Del Toro,1.0
 Benjamin Bratt,1.0
 Beverly D'Angelo,1.0
 Bijou Phillips,1.0
 Bill Engvall,1.0
 Bill Pullman,1.0
 Billie Piper,1.0
 Billy Burke,1.0
 Blake Jenner,1.0
 Blanche Baker,1.0
 Blythe Auffarth,1.0
 Bob the Cat,1.0
 Bokeem Woodbine,1.0
 Bonnie Hunt,1.0
 Boyd Holbrook,1.0
 Brady Corbet,1.0
 Branden Coles,1.0
 Brandon Scott,1.0
 Brandon T. Jackson,1.0
 Brea Grant,1.0
 Bree Turner,1.0
 Brenda Blethyn,1.0
 Brenton Thwaites,1.0
 Brett Cullen,1.0
 Bria L. Murphy,1.0
 Brian Caspe,1.0
 Brian Geraghty,1.0
 Brian Howe,1.0
 Brian Marc,1.0
 Brian Milligan,1.0
 Briana Evigan,1.0
 Briana Shann,1.0
 Bridgette Barrett,1.0
 Brit Marling,1.0
 Brit Morgan,1.0
 Brittany Murphy,1.0
 Brittany Snow,1.0
 Brooke Shields,1.0
 Bruce Boxleitner,1.0
 Bruno Campos,1.0
 Bryan Greenberg,1.0
 Burt Young,1.0
 Bárbara Lennie,1.0
 C.H. Evans,1.0
 CCH Pounder,1.0
 Caitlyn Rund,1.0
 Callie Hernandez,1.0
 Camille Cottin,1.0
 Candice Bergen,1.0
 Cara Buono,1.0
 Cara Delevingne,1.0
 Carly Rae Jepsen,1.0
 Carmen Ejogo,1.0
 Carrie-Anne Moss,1.0
 Cary Elwes,1.0
 Cary Joji Fukunaga,1.0
 Cary-Hiroyuki Tagawa,1.0
 Cassie Ventura,1.0
 Catalina Sandino Moreno,1.0
 Catherine Bégin,1.0
 Catinca Untaru,1.0
 Chadwick Boseman,1.0
 Charles Dance,1.0
 Charles S. Dutton,1.0
 Charlie Heaton,1.0
 Charlie Tahan,1.0
 Chase Offerle,1.0
 Chase Williamson,1.0
 Chira Cassel,1.0
 Chloë Sevigny,1.0
 Chris Cooper,1.0
 Chris Klein,1.0
 Chris Messina,1.0
 Chris Wedge,1.0
 Christian Cooke,1.0
 Christian Distefano,1.0
 Christian Slater,1.0
 Christian Stevens,1.0
 Christian Stolte,1.0
 Christina Applegate,1.0
 Christina Grimmie,1.0
 Christopher Carley,1.0
 Christopher Fairbank,1.0
 Christopher Fitzgerald,1.0
 Christopher Jordan Wallace,1.0
 Christopher Lee,1.0
 Christopher McDonald,1.0
 Claire Danes,1.0
 Clara Mamet,1.0
 Clint Dyer,1.0
 Clémence Poésy,1.0
 Cole Konis,1.0
 Colin Firth,1.0
 Colin Hanks,1.0
 Colin Quinn,1.0
 Colleen Camp,1.0
 Colm Feore,1.0
 Colm Meaney,1.0
 Common,1.0
 Connie Nielsen,1.0
 Connor Paolo,1.0
 Corbin Reid,1.0
 Corey Hawkins,1.0
 Cosmo Jarvis,1.0
 Courteney Cox,1.0
 Courtney Halverson,1.0
 Craig Robinson,1.0
 Crispin Glover,1.0
 Cush Jumbo,1.0
 Dakota Blue Richards,1.0
 Dakota Fanning,1.0
 Dakota Goyo,1.0
 Dalia Hernández,1.0
 Damaine Radcliff,1.0
 Damien Marzette,1.0
 Damon Wayans Jr.,1.0
 Dan Fogler,1.0
 Dan Stevens,1.0
 Dana Fuchs,1.0
 Dane Cook,1.0
 Dane DeHaan,1.0
 Daniel Craig,1.0
 Daniel Eric Gold,1.0
 Daniel Giménez Cacho,1.0
 Daniel Henshall,1.0
 Daniel Olbrychski,1.0
 Daniel Radcliffe,1.0
 Daniel Zovatto,1.0
 Daniella Kertesz,1.0
 Danielle Nicolet,1.0
 Danny DeVito,1.0
 Danny Glover,1.0
 Danny Huston,1.0
 Danny Trejo,1.0
 Dave Bautista,1.0
 David Arquette,1.0
 David Denman,1.0
 David James,1.0
 David Oyelowo,1.0
 David Troughton,1.0
 David Wenham,1.0
 Dax Flame,1.0
 Dax Shepard,1.0
 De'Shawn Washington,1.0
 Dean Mumford,1.0
 Dean Norris,1.0
 Dean Waite,1.0
 Deanna Dunagan,1.0
 Demi Moore,1.0
 Demián Bichir,1.0
 Denis Leary,1.0
 Derek Jeter,1.0
 Derek Luke,1.0
 Derek Mears,1.0
 Dermot Mulroney,1.0
 Dev Patel,1.0
 Diane Lane,1.0
 Dick Van Dyke,1.0
 Diego Boneta,1.0
 Do-won Kwak,1.0
 Dolph Lundgren,1.0
 Dominique Abel,1.0
 Dominique McElligott,1.0
 Dominique Tipper,1.0
 Don Cheadle,1.0
 Don Thompson,1.0
 Donald Sutherland,1.0
 Dong-seok Ma,1.0
 Donna Murphy,1.0
 Donnie Yen,1.0
 Doona Bae,1.0
 Doug Jones,1.0
 Dougie McConnell,1.0
 Drew Barrymore,1.0
 Drew Seeley,1.0
 Duan Sanderson,1.0
 Dulé Hill,1.0
 Duncan Duff,1.0
 Duncan Joiner,1.0
 Ed Skrein,1.0
 Eddie Baroo,1.0
 Eddie Izzard,1.0
 Eddie Marsan,1.0
 Edie Falco,1.0
 Edwin Wright,1.0
 Elena Anaya,1.0
 Eli Roth,1.0
 Elijah Wood,1.0
 Elissa Knight,1.0
 Elizabeth Debicki,1.0
 Elizabeth Gracen,1.0
 Elizabeth Henstridge,1.0
 Elizabeth Mitchell,1.0
 Ella Anderson,1.0
 Ella Rumpf,1.0
 Ellie Kemper,1.0
 Ellie Kendrick,1.0
 Emayatzy Corinealdi,1.0
 Emilia Clarke,1.0
 Emily Meade,1.0
 Emily Ratajkowski,1.0
 Emma Bell,1.0
 Emma Fitzpatrick,1.0
 Emma Roberts,1.0
 Emmanuelle Chriqui,1.0
 Emmy Rossum,1.0
 Eric Winter,1.0
 Ernst Stötzner,1.0
 Ethan Suplee,1.0
 Evan Rachel Wood,1.0
 Eve,1.0
 Ewa Fröling,1.0
 Ewan McGregor,1.0
 F. Murray Abraham,1.0
 Fatima Sana Shaikh,1.0
 Filip Berg,1.0
 Florence Clery,1.0
 Florence Kastriner,1.0
 Frances O'Connor,1.0
 Frank Langella,1.0
 Fred Willard,1.0
 Freddy Rodríguez,1.0
 Gabriel Bateman,1.0
 Gabriel Byrne,1.0
 Gabriel Luna,1.0
 Gabriela Lopez,1.0
 Gabriella Wilde,1.0
 Gaby Hoffmann,1.0
 Gael García Bernal,1.0
 Garret Dillahunt,1.0
 Garrett M. Brown,1.0
 Gattlin Griffith,1.0
 Gedeon Burkhard,1.0
 Gemma Arterton,1.0
 Gemma Jones,1.0
 Gemma Ward,1.0
 Geoffrey Arend,1.0
 George Lopez,1.0
 George MacKay,1.0
 Gerry Bednob,1.0
 Gian Keys,1.0
 Gillian Jacobs,1.0
 Gina Carano,1.0
 Giovanni Ribisi,1.0
 Glenn Close,1.0
 Golshifteh Farahani,1.0
 Grace Van Patten,1.0
 Graham McTavish,1.0
 Greg Kinnear,1.0
 Gregg Weiner,1.0
 Gregory Jones,1.0
 Gretchen Mol,1.0
 Hae-il Park,1.0
 Haley Joel Osment,1.0
 Hans Matheson,1.0
 Harley Quinn Smith,1.0
 Harold Perrineau,1.0
 Harry Connick Jr.,1.0
 Harvey Keitel,1.0
 Hayden Panettiere,1.0
 Hayley McElhinney,1.0
 Hayley Squires,1.0
 Heather Matarazzo,1.0
 Hee-Bong Byun,1.0
 Henry Cavill,1.0
 Hristos Passalis,1.0
 Hugh Laurie,1.0
 Hunter McCracken,1.0
 Iain Glen,1.0
 Ida Engvoll,1.0
 Idina Menzel,1.0
 Ike Barinholtz,1.0
 Imelda Staunton,1.0
 India Eisley,1.0
 Iris Apatow,1.0
 Isabel Lucas,1.0
 Isabelle Fuhrman,1.0
 Isabelle Nélisse,1.0
 Isla Fisher,1.0
 Israel Broussard,1.0
 Ivo Nandi,1.0
 J. Todd Smith,1.0
 Jack Black,1.0
 Jack Holden,1.0
 Jack Madigan,1.0
 Jack McBrayer,1.0
 Jack Nicholson,1.0
 Jack O'Connell,1.0
 Jack Taylor,1.0
 Jacki Weaver,1.0
 Jackson Rathbone,1.0
 Jade Asha,1.0
 Jae Head,1.0
 Jael Elizabeth Steinmeyer,1.0
 Jaime Winstone,1.0
 Jake Abel,1.0
 Jalil Lespert,1.0
 James DuMont,1.0
 James Floyd,1.0
 James Gandolfini,1.0
 James Marsters,1.0
 James Russell,1.0
 Jamie Blackley,1.0
 Jamie Campbell Bower,1.0
 Jamie Chung,1.0
 Jamie Dornan,1.0
 Jan Cornet,1.0
 Jane Lynch,1.0
 Janelle Monáe,1.0
 Janet McTeer,1.0
 Janet Montgomery,1.0
 January Jones,1.0
 Jasmine Trinca,1.0
 Jason Barry,1.0
 Jason Cope,1.0
 Jason Isaacs,1.0
 Jason Mitchell,1.0
 Jason Momoa,1.0
 Jason O'Mara,1.0
 Jasper Newell,1.0
 Jean Reno,1.0
 Jean-Claude Van Damme,1.0
 Jeff Branson,1.0
 Jeff Daniel Phillips,1.0
 Jeff Garlin,1.0
 Jeff Goldblum,1.0
 Jeff Kahn,1.0
 Jeffrey Dean Morgan,1.0
 Jeffrey Vincent Parise,1.0
 Jena Malone,1.0
 Jenna Elfman,1.0
 Jennette McCurdy,1.0
 Jennifer Jason Leigh,1.0
 Jennifer Koenig,1.0
 Jennifer Lopez,1.0
 Jennifer Morrison,1.0
 Jennifer Saunders,1.0
 Jenny Slate,1.0
 Jeremy Davies,1.0
 Jeremy Irvine,1.0
 Jeremy McWilliams,1.0
 Jerry Ferrara,1.0
 Jerry O'Connell,1.0
 Jerry Stiller,1.0
 Jesse Borrego,1.0
 Jesse Bradford,1.0
 Jesse Plemons,1.0
 Jessica Barden,1.0
 Jessica Barth,1.0
 Jessica Brown Findlay,1.0
 Jessica Lange,1.0
 Jessica Sula,1.0
 Jessie Ok Gray,1.0
 Ji-min Han,1.0
 Jim Caviezel,1.0
 Jim Norton,1.0
 Jin-woong Jo,1.0
 Jo Hartley,1.0
 Joan Cusack,1.0
 Joanne Froggatt,1.0
 Joaquin Phoenix,1.0
 Joe Cobden,1.0
 Joe Manganiello,1.0
 Joel Courtney,1.0
 Joel David Moore,1.0
 Joel Kinnaman,1.0
 Joel McHale,1.0
 Joely Richardson,1.0
 Joey Lauren Adams,1.0
 Joey Morgan,1.0
 John Alexander,1.0
 John Boyega,1.0
 John C. McGinley,1.0
 John Carroll Lynch,1.0
 John Cullum,1.0
 John Cusack,1.0
 John D'Leo,1.0
 John DeLuca,1.0
 John Doman,1.0
 John Gallagher Jr.,1.0
 John Hawkes,1.0
 John Hodgman,1.0
 John Malkovich,1.0
 John Ortiz,1.0
 John Ratzenberger,1.0
 John Turturro,1.0
 Johnny Simmons,1.0
 Jon Daly,1.0
 Jon Voight,1.0
 Jonathan Daniel Brown,1.0
 Jonathan Groff,1.0
 Jonathan Rhys Meyers,1.0
 Jonathan Roumie,1.0
 Jonny Brugh,1.0
 Jonny Weston,1.0
 Jordan Carlos,1.0
 Jordan Nagai,1.0
 Jordan Peele,1.0
 Jordi Mollà,1.0
 Jorge Garcia,1.0
 Jorma Taccone,1.0
 Josef Altin,1.0
 Joseph Fiennes,1.0
 Joseph Julian Soria,1.0
 Josh Brener,1.0
 Josh Lucas,1.0
 Josh Peck,1.0
 Joshua McIvor,1.0
 José Coronado,1.0
 Jovan Adepo,1.0
 Juan Saavedra,1.0
 Judy Greer,1.0
 Julia Ormond,1.0
 Julia Stiles,1.0
 Julian Barratt,1.0
 Julian Dennison,1.0
 Julian Richings,1.0
 Julian Vergov,1.0
 Julianna Margulies,1.0
 Julianne Hough,1.0
 Julie Andrews,1.0
 Julie Benz,1.0
 Julie Walters,1.0
 Juliet Rylance,1.0
 Jung-min Hwang,1.0
 Jung-woo Ha,1.0
 Juno Temple,1.0
 Justice Smith,1.0
 Justin Chon,1.0
 Justine Waddell,1.0
 Kagiso Kuypers,1.0
 Kai Ryssdal,1.0
 Kaitlin Olson,1.0
 Kang-ho Song,1.0
 Kara Hayward,1.0
 Karel Hermánek Jr.,1.0
 Karen Moskow,1.0
 Kari Matchett,1.0
 Karin Konoval,1.0
 Karl Markovics,1.0
 Karolina Gruszka,1.0
 Karrueche Tran,1.0
 Kat Dennings,1.0
 Kate Beckinsale,1.0
 Kate Dickie,1.0
 Kate McKinnon,1.0
 Kate Siegel,1.0
 Kate Upton,1.0
 Katey Sagal,1.0
 Katherine Heigl,1.0
 Katherine Reis,1.0
 Katherine Waterston,1.0
 Kathleen Munroe,1.0
 Kathleen Quinlan,1.0
 Kathy Bates,1.0
 Kati Outinen,1.0
 Katie Crown,1.0
 Katie Holmes,1.0
 Kay Whitney,1.0
 Keir Gilchrist,1.0
 Keith Carradine,1.0
 Keith David,1.0
 Kelcey Watson,1.0
 Kelly Adams,1.0
 Kelly McGillis,1.0
 Kelly Reilly,1.0
 Kenneth Welsh,1.0
 Kenshô Ono,1.0
 Kevin Connolly,1.0
 Kevin Costner,1.0
 Kevin Dillon,1.0
 Kevin Kline,1.0
 Kevin Leslie,1.0
 Kevin McKidd,1.0
 Kevin Nealon,1.0
 Kieran Culkin,1.0
 Kiernan Shipka,1.0
 Kiersey Clemons,1.0
 Kim Uylenbroek,1.0
 Kirby Bliss Blanton,1.0
 Kit Harington,1.0
 Klara Kristin,1.0
 Kofi Siriboe,1.0
 Kristin Chenoweth,1.0
 Kristin Scott Thomas,1.0
 Ksenia Solo,1.0
 Kunal Kapoor,1.0
 Kurt Fuller,1.0
 Kylie Rogers,1.0
 Kyra Sedgwick,1.0
 Laine Megaw,1.0
 Lainie Kazan,1.0
 Lake Bell,1.0
 Lara Pulver,1.0
 Lars Eidinger,1.0
 Lasse Fogelstrøm,1.0
 Laura Abramsen,1.0
 Laura Allen,1.0
 Laura Ramsey,1.0
 Laura Waddell,1.0
 Lauren Holly,1.0
 Laurence Fishburne,1.0
 Laurence Leboeuf,1.0
 Laurent Lafitte,1.0
 Leehom Wang,1.0
 Leland Orser,1.0
 Leonard Nimoy,1.0
 Leonardo DiCaprio,1.0
 Leslie Jones,1.0
 Lia Bugnar,1.0
 Liam McMahon,1.0
 Liana Liberato,1.0
 Lili Taylor,1.0
 Lily Cole,1.0
 Lily Rabe,1.0
 Linda Gegusch,1.0
 Linh Dan Pham,1.0
 Lior Ashkenazi,1.0
 Lisa Thoreson,1.0
 Logan Huffman,1.0
 Logan Lerman,1.0
 Logan Marshall-Green,1.0
 Logan Miller,1.0
 Lorenza Izzo,1.0
 Lorraine Nicholson,1.0
 Lorraine Toussaint,1.0
 Lou Romano,1.0
 Lou Taylor Pucci,1.0
 Loïs van Wijk,1.0
 Lucas Black,1.0
 Lucas Till,1.0
 Lucy Fry,1.0
 Lucy Hale,1.0
 Lucy Liu,1.0
 Lucy Walters,1.0
 Luing Andrews,1.0
 Lukas Hassel,1.0
 Luke Evans,1.0
 Luke Kleintank,1.0
 Lulu Wilson,1.0
 Lupita Nyong'o,1.0
 Lynn Collins,1.0
 Lynsey Taylor Mackay,1.0
 Mackenzie Foy,1.0
 Maddie Ziegler,1.0
 Madeleine West,1.0
 Madhavan,1.0
 Madison Wolfe,1.0
 Maggie Gyllenhaal,1.0
 Maggie Q,1.0
 Mahershala Ali,1.0
 Maika Monroe,1.0
 Malcolm Sinclair,1.0
 Mandy Gonzalez,1.0
 Marco Giallini,1.0
 Maria Dizzia,1.0
 Maria Doyle Kennedy,1.0
 Maria-Victoria Dragus,1.0
 Mariah Carey,1.0
 Marie Gruber,1.0
 Mark Boone Junior,1.0
 Mark Consuelos,1.0
 Mark Rylance,1.0
 Marlon Wayans,1.0
 Martin Kabanza,1.0
 Martin McCann,1.0
 Martina Gedeck,1.0
 Mary McCormack,1.0
 Mary-Louise Parker,1.0
 María Marull,1.0
 Mason Lee,1.0
 Mateo Arias,1.0
 Matt Lanter,1.0
 Matt Long,1.0
 Matthew Bohrer,1.0
 Matthew Fox,1.0
 Matthew Marsden,1.0
 Matthew McConaughey,1.0
 Matthew Morrison,1.0
 Matthew Perry,1.0
 Matthew Zuk,1.0
 Matthias Schoenaerts,1.0
 Maude Apatow,1.0
 Mauricio Lopez,1.0
 Maury Sterling,1.0
 Max Burkholder,1.0
 Max Greenfield,1.0
 Max Irons,1.0
 Maxim Gaudette,1.0
 Mayko Nguyen,1.0
 McCaul Lombardi,1.0
 Meagan Good,1.0
 Megan Charpentier,1.0
 Megan Park,1.0
 Mel Raido,1.0
 Melissa Benoist,1.0
 Melissa Leo,1.0
 Melissa McCarthy,1.0
 Meredith Hagner,1.0
 Mia Goth,1.0
 Mia Stallard,1.0
 Michael C. Hall,1.0
 Michael Caine,1.0
 Michael Cera,1.0
 Michael Chiklis,1.0
 Michael Constantine,1.0
 Michael Doneger,1.0
 Michael Douglas,1.0
 Michael Ealy,1.0
 Michael Ironside,1.0
 Michael Kelly,1.0
 Michael Kenneth Williams,1.0
 Michael McDonald,1.0
 Michael Pitt,1.0
 Michael Rooker,1.0
 Michael Trucco,1.0
 Michael Wittenborn,1.0
 Michael Yare,1.0
 Michal Vondel,1.0
 Michele Valley,1.0
 Mike Vogel,1.0
 Miles Heizer,1.0
 Milla Jovovich,1.0
 Milo Ventimiglia,1.0
 Min-sik Choi,1.0
 Mindy Kaling,1.0
 Mira Sorvino,1.0
 Miranda Cosgrove,1.0
 Miyavi,1.0
 Mo'Nique,1.0
 Moe Dunford,1.0
 Mohamed Akhzam,1.0
 Moises Arias,1.0
 Molly Ringwald,1.0
 Mona Singh,1.0
 Mone Kamishiraishi,1.0
 Moon Bloodgood,1.0
 Morena Baccarin,1.0
 Morgan Lily,1.0
 Mustafa Kamel,1.0
 Mykelti Williamson,1.0
 Mylène Jampanoï,1.0
 Mélanie Laurent,1.0
 Mélissa Désormeaux-Poulin,1.0
 Mónica Villa,1.0
 Nancy Kwan,1.0
 Naomi Ackie,1.0
 Naomi Battrick,1.0
 Naomie Harris,1.0
 Nat Wolff,1.0
 Natalie Krill,1.0
 Natalie Martinez,1.0
 Natascha McElhone,1.0
 Nathalie Boltt,1.0
 Nathan Fillion,1.0
 Nathan Phillips,1.0
 Ned Beatty,1.0
 Neil Flynn,1.0
 Neil Patrick Harris,1.0
 Nellie,1.0
 Ni Ni,1.0
 Nicholas Braun,1.0
 Nicholas Brendon,1.0
 Nicholas Galitzine,1.0
 Nicholas Hope,1.0
 Nick Krause,1.0
 Nick Nolte,1.0
 Nicolas Cage,1.0
 Nikki Blonsky,1.0
 Nikki SooHoo,1.0
 Niko Nicotera,1.0
 Nina Dobrev,1.0
 Noah Taylor,1.0
 Noah Wiseman,1.0
 Noel Fisher,1.0
 Oakes Fegley,1.0
 Oaklee Pendergast,1.0
 Odeya Rush,1.0
 Olan Rogers,1.0
 Oliver Cooper,1.0
 Olivia Colman,1.0
 Olivia Cooke,1.0
 Olivia Luccardi,1.0
 Olivia Moyles,1.0
 Olivia Williams,1.0
 Omar Sy,1.0
 Oona Chaplin,1.0
 Oona Laurence,1.0
 Ophelia Lovibond,1.0
 Orto Ignatiussen,1.0
 Osric Chau,1.0
 Pablo Rago,1.0
 Pablo Schreiber,1.0
 Pat Cashman,1.0
 Patricia Arquette,1.0
 Patton Oswalt,1.0
 Paul Anderson,1.0
 Paul Birchard,1.0
 Paul Borghese,1.0
 Paul Newman,1.0
 Paul Reiser,1.0
 Paula Beer,1.0
 Paula Prentiss,1.0
 Paulin Jaccoud,1.0
 Penelope Wilton,1.0
 Penn Badgley,1.0
 Peter Dinklage,1.0
 Peter Facinelli,1.0
 Peter McRobbie,1.0
 Peter Riegert,1.0
 Peter Simonischek,1.0
 Peter Stormare,1.0
 Peyton List,1.0
 Phylicia Rashad,1.0
 Pierre Coffin,1.0
 Pierre Niney,1.0
 Pierre Richard,1.0
 Portia Doubleday,1.0
 Priyanka Moodley,1.0
 Queen Latifah,1.0
 RJ Cyler,1.0
 Rabah Nait Oufella,1.0
 Rachael Blake,1.0
 Rachael Harris,1.0
 Rachel Blanchard,1.0
 Rachel Dratch,1.0
 Rachel Quinn,1.0
 Rachel Wood,1.0
 Raffey Cassidy,1.0
 Raghuvir Joshi,1.0
 Ralph Ineson,1.0
 Rana Daggubati,1.0
 Randall Park,1.0
 Randy Couture,1.0
 Raoul Max Trujillo,1.0
 Rasmus Hardiker,1.0
 Reese Witherspoon,1.0
 Regina Hall,1.0
 Ren Ôsugi,1.0
 Renée Zellweger,1.0
 Rhona Mitra,1.0
 Rhys Ifans,1.0
 Riccardo Scamarcio,1.0
 Richard Brake,1.0
 Richard Dreyfuss,1.0
 Richard Garcia,1.0
 Richard Gere,1.0
 Richard Kind,1.0
 Rick Gonzalez,1.0
 Rihanna,1.0
 Rila Fukushima,1.0
 Riley Keough,1.0
 Riley Thomas Stewart,1.0
 Rima Te Wiata,1.0
 Rinko Kikuchi,1.0
 Rip Torn,1.0
 Rita Cortese,1.0
 Riz Ahmed,1.0
 Rizwan Manji,1.0
 Rob Corddry,1.0
 Robert Carlyle,1.0
 Robert Duvall,1.0
 Robert Knepper,1.0
 Robert Patrick,1.0
 Robert Sheehan,1.0
 Roger Bart,1.0
 Roman Jossart,1.0
 Roman Kolinka,1.0
 Ron Livingston,1.0
 Ronnie Gene Blevins,1.0
 Rory J. Saper,1.0
 Rosemarie DeWitt,1.0
 Rosie Huntington-Whiteley,1.0
 Ross Kimball,1.0
 Rostislav Bershauer,1.0
 Rotimi,1.0
 Ruby Barnhill,1.0
 Rubén Blades,1.0
 Rufus Sewell,1.0
 Rupert Evans,1.0
 Rupert Friend,1.0
 Russell Brand,1.0
 Ruta Gedmintas,1.0
 Ruth Wilson,1.0
 Ryan Lee,1.0
 Ryô Narita,1.0
 Sacha Baron Cohen,1.0
 Sachet Engineer,1.0
 Sakshi Tanwar,1.0
 Salim Kechiouche,1.0
 Salli Richardson-Whitfield,1.0
 Sally Field,1.0
 Salma Hayek,1.0
 Sam Elliott,1.0
 Sam Neill,1.0
 Sam Quartin,1.0
 Sam Riley,1.0
 Sam Shepard,1.0
 Sam Trammell,1.0
 Samantha Isler,1.0
 Sandra Bullock,1.0
 Sandra Kinder,1.0
 Sanjay Dutt,1.0
 Sanjeev Bhaskar,1.0
 Saoirse Ronan,1.0
 Saori Hayami,1.0
 Sarah Paulson,1.0
 Sarah Polley,1.0
 Sarah Roemer,1.0
 Sarah Snook,1.0
 Sarita Choudhury,1.0
 Saurabh Shukla,1.0
 Scorcher,1.0
 Scott Adsit,1.0
 Scott Eastwood,1.0
 Scott Mescudi,1.0
 Sean Bott,1.0
 Sean Bridgers,1.0
 Sean Patrick Thomas,1.0
 Sean Penn,1.0
 Sebastian Pigott,1.0
 Sebastian Stan,1.0
 Selma Blair,1.0
 Sergej Trifunovic,1.0
 Sergi López,1.0
 Seychelle Gabriel,1.0
 Shad Moss,1.0
 Shah Rukh Khan,1.0
 Shahab Hosseini,1.0
 Shariff Earp,1.0
 Sharman Joshi,1.0
 Sharon Percy,1.0
 Shawn Roberts,1.0
 Shea Adams,1.0
 Sheila Kelley,1.0
 Shelley Hennig,1.0
 Shiloh Fernandez,1.0
 Sigrid Bouaziz,1.0
 Simon Cotton,1.0
 Simon Helberg,1.0
 Sixtine Murat,1.0
 Skyler Gisondo,1.0
 Slobodan Bestic,1.0
 So-ri Moon,1.0
 Soledad Villamil,1.0
 Soo-an Kim,1.0
 Sophie Perry,1.0
 Stacy Martin,1.0
 Stanley Tucci,1.0
 Steele Stebbins,1.0
 Stephen Curry,1.0
 Stephen Dorff,1.0
 Stephen Henderson,1.0
 Stephen Merchant,1.0
 Stephen Rea,1.0
 Steve Buscemi,1.0
 Steve Coogan,1.0
 Steve Lantz,1.0
 Steve Martin,1.0
 Steve Oram,1.0
 Steve Tom,1.0
 Steve Wiebe,1.0
 Steven Krueger,1.0
 Steven Mackintosh,1.0
 Steven Pasquale,1.0
 Steven Yeun,1.0
 Storm Acheche Sahlstrøm,1.0
 Storm Reid,1.0
 Su Elliot,1.0
 Sue Dahlman,1.0
 Sunny Pawar,1.0
 Susan Loughnane,1.0
 Suzanne Clément,1.0
 Sylvester Stallone,1.0
 Sylvia Hoeks,1.0
 T.I.,1.0
 T.R. Knight,1.0
 Tabu,1.0
 Taika Waititi,1.0
 Taissa Farmiga,1.0
 Tammy Blanchard,1.0
 Tanay Chheda,1.0
 Tangie Ambrose,1.0
 Tania Raymonde,1.0
 Tao Okamoto,1.0
 Taraji P. Henson,1.0
 Taylor Schilling,1.0
 Taylor Swift,1.0
 Temuera Morrison,1.0
 Teodora Duhovnikova,1.0
 Terence Stamp,1.0
 Teresa Navarro,1.0
 Teri Hatcher,1.0
 Terry Chen,1.0
 Theo Rossi,1.0
 Thomas Bo Larsen,1.0
 Thomas M. Wright,1.0
 Thomas Middleditch,1.0
 Tian Jing,1.0
 Tiffany Haddish,1.0
 Tijuana Ricks,1.0
 Til Schweiger,1.0
 Tim Allen,1.0
 Tim McGraw,1.0
 Timothy Spall,1.0
 Tobias Menzies,1.0
 Toby Jones,1.0
 Toby Kebbell,1.0
 Tom Costello,1.0
 Tom Cruise,1.0
 Tom Felton,1.0
 Tom Hanks,1.0
 Tom Hudson,1.0
 Tom Prior,1.0
 Tom Sizemore,1.0
 Tommy Dewey,1.0
 Tony Danza,1.0
 Tony Goldwyn,1.0
 Tony Revolori,1.0
 Tony Shalhoub,1.0
 Trey Songz,1.0
 Tye Sheridan,1.0
 Tyler Hoechlin,1.0
 Tyler Perry,1.0
 Tyne Daly,1.0
 Ulrich Tukur,1.0
 Usher Raymond,1.0
 Val Kilmer,1.0
 Valerie Mahaffey,1.0
 Vanessa Ferlito,1.0
 Vanessa Hudgens,1.0
 Vanessa Lachey,1.0
 Vernetta Lopez,1.0
 Vicky Krieps,1.0
 Victoria Justice,1.0
 Viggo Mortensen,1.0
 Vilen Babichev,1.0
 Vin Diesel,1.0
 Vincent Ebrahim,1.0
 Vincent Kartheiser,1.0
 Ving Rhames,1.0
 Walton Goggins,1.0
 Wei Tang,1.0
 Wenwen Han,1.0
 Werner Herzog,1.0
 Will Dalton,1.0
 Will Smith,1.0
 Will Yun Lee,1.0
 William Moseley,1.0
 Woo-hee Chun,1.0
 Wyatt Russell,1.0
 Yoo Gong,1.0
 Yu-mi Jung,1.0
 Yun-Fat Chow,1.0
 Yutaka Takenouchi,1.0
 Zac Mattoon O'Brien,1.0
 Zach Galifianakis,1.0
 Zach Grenier,1.0
 Zachary Bennett,1.0
 Zachary Levi,1.0
 Zachery Ty Bryan,1.0
 Zoe Kazan,1.0
 Émilie Leclerc,1.0
 Ólafur Darri Ólafsson,1.0
 Óscar Jaenada,1.0
Aaron Poole,1.0
Abbie Cornish,1.0
Adam Brody,1.0
Adam Driver,1.0
Adam Pally,1.0
Adam Rodriguez,1.0
Adelaide Kane,1.0
Adewale Akinnuoye-Agbaje,1.0
Adrian Grenier,1.0
Adrian Titieni,1.0
Ahney Her,1.0
Aidan Quinn,1.0
Akiva Schaffer,1.0
Alden Ehrenreich,1.0
Alex Karpovsky,1.0
Alex Pettyfer,1.0
Alexander Black,1.0
Alexander Ludwig,1.0
Alexandra Daddario,1.0
Alexandra Maria Lara,1.0
Alexi Pappas,1.0
Alia Bhatt,1.0
Alia Shawkat,1.0
Alice Braga,1.0
Alice Englert,1.0
Alicia Vikander,1.0
Alison Brie,1.0
Alycia Debnam-Carey,1.0
Amanda Bynes,1.0
Amanda Peet,1.0
Amber Perkins,1.0
Amr Waked,1.0
Amy Schumer,1.0
Ana de Armas,1.0
Analeigh Tipton,1.0
Anders Danielsen Lie,1.0
Anders Holm,1.0
Andie MacDowell,1.0
Andre Braugher,1.0
Andreas Wisniewski,1.0
Andy Powers,1.0
Andy Serkis,1.0
Anika Noni Rose,1.0
Anna Hutchison,1.0
Annabeth Gish,1.0
Annalise Basso,1.0
Anne Dorval,1.0
Annette Bening,1.0
Anthony Edwards,1.0
Anthony LaPaglia,1.0
Anthony Mackie,1.0
Anton Adasinsky,1.0
Anton Yelchin,1.0
Antonio Banderas,1.0
Anya Taylor-Joy,1.0
Aomi Muyock,1.0
Armie Hammer,1.0
Arnold Schwarzenegger,1.0
Ashley Tisdale,1.0
Auli'i Cravalho,1.0
Bailey Anne Borders,1.0
Barbara Crampton,1.0
Ben Barnes,1.0
Ben Burtt,1.0
Ben Winchell,1.0
Benicio Del Toro,1.0
Benjamin Walker,1.0
Billy Burke,1.0
Billy Connolly,1.0
Billy Crudup,1.0
Billy Crystal,1.0
Billy Magnussen,1.0
Blake Jenner,1.0
Boman Irani,1.0
Brad Garrett,1.0
Brandon Routh,1.0
Brandon T. Jackson,1.0
Brendan Fraser,1.0
Brendan Gleeson,1.0
Brian Cox,1.0
Brian Dennehy,1.0
Brian White,1.0
Brighton Sharbino,1.0
Brittany Blanton,1.0
Brittany Snow,1.0
Bruce Campbell,1.0
Bryce Dallas Howard,1.0
Callan McAuliffe,1.0
Callum Keith Rennie,1.0
Callum Turner,1.0
Calum Worthy,1.0
Carice van Houten,1.0
Carla Quevedo,1.0
Carmen Electra,1.0
Catherine Keener,1.0
Catherine Walker,1.0
Cedric the Entertainer,1.0
Chadwick Boseman,1.0
Charles Berling,1.0
Charlie Cox,1.0
Charlie Day,1.0
Charlie Hunnam,1.0
Chatchawai Kamonsakpitak,1.0
Cheryl Hines,1.0
Chris Gethard,1.0
Chris Isaak,1.0
Christina Applegate,1.0
Christopher Evan Welch,1.0
Christopher Meyer,1.0
Christopher Walken,1.0
Christos Stergioglou,1.0
Cillian Murphy,1.0
Clint Eastwood,1.0
Clive Owen,1.0
Colton Haynes,1.0
Cori Gonzalez-Macuer,1.0
Craig T. Nelson,1.0
Craig Van Hook,1.0
Cynthia Nixon,1.0
Da'Vone McDonald,1.0
Daisy Ridley,1.0
Dale Dickey,1.0
Dan Crisafulli,1.0
Dan Fogler,1.0
Dane DeHaan,1.0
Daniel Brühl,1.0
Daniel Fathers,1.0
Daniel Franzese,1.0
Danielle Panabaker,1.0
Danny McBride,1.0
Danny Sapani,1.0
Darsheel Safary,1.0
Darío Grandinetti,1.0
Dave Bautista,1.0
Dave Johns,1.0
David Acord,1.0
David Denman,1.0
David Lyons,1.0
Deborah Kara Unger,1.0
Demián Bichir,1.0
Derek Jacobi,1.0
Diane Lane,1.0
Diego Klattenhoff,1.0
Diego Luna,1.0
Dieter Laser,1.0
Domhnall Gleeson,1.0
Dominic Monaghan,1.0
Dominic West,1.0
Dominique Swain,1.0
Donald Sutherland,1.0
Dustin Hoffman,1.0
Dylan Duffus,1.0
Ed Helms,1.0
Ed O'Neill,1.0
Eddie Murphy,1.0
Edith Scob,1.0
Edoardo Leo,1.0
Edward Asner,1.0
Elijah Smith,1.0
Elijah Wood,1.0
Elisabeth Moss,1.0
Elisabeth Shue,1.0
Elizabeth Berrington,1.0
Elizabeth Reaser,1.0
Ellar Coltrane,1.0
Ellen DeGeneres,1.0
Ellie Kendrick,1.0
Eloise Mumford,1.0
Emilia Clarke,1.0
Emily Baldoni,1.0
Emma Booth,1.0
Emma Greenwell,1.0
Emma Thompson,1.0
Emma Watson,1.0
Emmanuel Garijo,1.0
Emmanuelle Riva,1.0
Emory Cohen,1.0
Eric Bana,1.0
Eric Godon,1.0
Erika Linder,1.0
Eva Green,1.0
Evan Rachel Wood,1.0
Eve Lindley,1.0
Ezra Miller,1.0
Faith Wladyka,1.0
Famke Janssen,1.0
Farid Sajjadi Hosseini,1.0
Felicity Jones,1.0
Ferdia Walsh-Peelo,1.0
Fiona Gordon,1.0
Fionn O'Shea,1.0
Florence Pugh,1.0
Fran Kranz,1.0
Francesc Albiol,1.0
Frank Grillo,1.0
Frank Madigan,1.0
François Cluzet,1.0
Fred Dalton Thompson,1.0
Freddie Crowder,1.0
Freddie Highmore,1.0
Gabourey Sidibe,1.0
Gabriel Basso,1.0
Gabriel Chavarria,1.0
Gabriella Wilde,1.0
Garance Marillier,1.0
Garrett Clayton,1.0
Gaspard Schlatter,1.0
Genesis Rodriguez,1.0
Gerardo Taracena,1.0
Giancarlo Esposito,1.0
Ginnifer Goodwin,1.0
Giuseppe Battiston,1.0
Golshifteh Farahani,1.0
Graham Skipper,1.0
Guillaume Baillargeon,1.0
Guy Pearce,1.0
Hailee Steinfeld,1.0
Hayden Christensen,1.0
Hayley Atwell,1.0
Heather Sossaman,1.0
Helena Bonham Carter,1.0
Henry Thomas,1.0
Hermione Corfield,1.0
Hiroki Hasegawa,1.0
Hugo Weaving,1.0
Ian Holm,1.0
Ice Cube,1.0
Isabella Rossellini,1.0
Isaiah Stone,1.0
Ivana Baquero,1.0
Jack Huston,1.0
Jack O'Connell,1.0
Jackie Chan,1.0
Jackie Earle Haley,1.0
Jacob Latimore,1.0
Jaden Smith,1.0
Jae Head,1.0
Jahking Guillory,1.0
Jai Courtney,1.0
Jake Johnson,1.0
Jamal Woolard,1.0
James Allen McCune,1.0
James Badge Dale,1.0
James Cosmo,1.0
James Hamrick,1.0
James Kelley,1.0
James Marsden,1.0
Jamie Foxx,1.0
Jane Levy,1.0
Jared Gilman,1.0
Jared Harris,1.0
Jared Leto,1.0
Jared Padalecki,1.0
Jason Flemyng,1.0
Jason Momoa,1.0
Jason O'Mara,1.0
Jason Segel,1.0
Javier Bardem,1.0
Jean-Claude Van Damme,1.0
Jeffrey Wright,1.0
Jelena Gavrilovic,1.0
Jemima West,1.0
Jena Malone,1.0
Jennifer Garner,1.0
Jennifer Jason Leigh,1.0
Jennifer Lopez,1.0
Jeremy Irvine,1.0
Jessica Biel,1.0
Jessica Brown Findlay,1.0
Jessica Vanessa DeLeon,1.0
Jim Broadbent,1.0
Jim Carrey,1.0
Jim Parsons,1.0
Jocelin Donahue,1.0
Joe Alwyn,1.0
Joe Blakemore,1.0
Joel Kinnaman,1.0
John C. Reilly,1.0
John Francis Daley,1.0
John Goodman,1.0
John Krasinski,1.0
John Travolta,1.0
Johnny Simmons,1.0
Jon Bernthal,1.0
Jon Favreau,1.0
Joseph Mawle,1.0
Josh Hartnett,1.0
Josh Hutcherson,1.0
Josh Stewart,1.0
Joshua Leonard,1.0
Judah Lewis,1.0
Judy Greer,1.0
Jun Kunimura,1.0
Justin Chatwin,1.0
Justin Long,1.0
Justin Timberlake,1.0
Kang-ho Song,1.0
Karen Allen,1.0
Karen Disher,1.0
Karen Gillan,1.0
Kate Bosworth,1.0
Kate Hudson,1.0
Kate Mara,1.0
Katherine Waterston,1.0
Kathy Baker,1.0
Katie Cassidy,1.0
Katy Barker,1.0
Kelly Macdonald,1.0
Kelsey Grammer,1.0
Ken Stott,1.0
Kenny Wormald,1.0
Kerry Washington,1.0
Kevin Chamberlin,1.0
Kevin Spacey,1.0
Kim Coates,1.0
Kimberly Elise,1.0
Kit Harington,1.0
Kodi Smit-McPhee,1.0
Kristen Connolly,1.0
Kristen Wiig,1.0
Lake Bell,1.0
Lambert Wilson,1.0
Larenz Tate,1.0
Laura Dern,1.0
Lauren Birkell,1.0
Lauren Cohan,1.0
Lauren German,1.0
Lauren Graham,1.0
Laurence Fishburne,1.0
Lee Pace,1.0
Lena Endre,1.0
Lesley Manville,1.0
Levi Miller,1.0
Lewis MacDougall,1.0
Liam Hemsworth,1.0
Liana Liberato,1.0
Lili Sepe,1.0
Lily-Rose Depp,1.0
Logan Marshall-Green,1.0
Logan Paul,1.0
Lorenza Izzo,1.0
Lori Petty,1.0
Louis C.K.,1.0
Lubna Azabal,1.0
Lucas Black,1.0
Lucas Hedges,1.0
Lucas Till,1.0
Luke Evans,1.0
Luke Treadaway,1.0
Lydia Wilson,1.0
Lyndsy Fonseca,1.0
Léa Seydoux,1.0
Maddy Curley,1.0
Madina Nalwanga,1.0
Mads Mikkelsen,1.0
Mae Whitman,1.0
Maggie Grace,1.0
Mahershala Ali,1.0
Malcolm McDowell,1.0
Malina Manovici,1.0
Mandy Moore,1.0
Margarita Levieva,1.0
Maribel Verdú,1.0
Marilyn Manson,1.0
Mario Casas,1.0
Marisa Paredes,1.0
Mark Chao,1.0
Mark Huberman,1.0
Mark Ruffalo,1.0
Mark Rylance,1.0
Mark Strong,1.0
Marley Shelton,1.0
Martin Freeman,1.0
Martin Stringer,1.0
Mary-Louise Parker,1.0
Matt Lanter,1.0
Matt Vael,1.0
Matthew Macfadyen,1.0
Matthias Schoenaerts,1.0
Max Martini,1.0
Max von Sydow,1.0
Mel Gibson,1.0
Melanie Lynskey,1.0
Melissa George,1.0
Method Man,1.0
Mia Goth,1.0
Michael B. Jordan,1.0
Michael Chiklis,1.0
Michael Dickson,1.0
Michael Dorman,1.0
Michael Ealy,1.0
Michael Mantell,1.0
Michael Nyqvist,1.0
Michael Pitt,1.0
Michael Shannon,1.0
Michael Vartan,1.0
Michel Vuillermoz,1.0
Michelle Pfeiffer,1.0
Michelle Williams,1.0
Michelle Yeoh,1.0
Michiel Huisman,1.0
Mickey Rourke,1.0
Mike Vogel,1.0
Min-hee Kim,1.0
Miyu Irino,1.0
Moisés Acevedo,1.0
Momo Dione,1.0
Morgan Freeman,1.0
Morgan Saylor,1.0
Morjana Alaoui,1.0
Munro Chambers,1.0
Mélanie Laurent,1.0
Nadia White,1.0
Natasha Henstridge,1.0
Nathalie Baye,1.0
Nathan Fillion,1.0
Nazanin Boniadi,1.0
Neel Sethi,1.0
Neil Brown Jr.,1.0
Neve Campbell,1.0
Nia Vardalos,1.0
Nicholas D'Agosto,1.0
Nick Robinson,1.0
Nick Swardson,1.0
Nicole Beharie,1.0
Nicole Parker,1.0
Noah Ringer,1.0
O'Shea Jackson Jr.,1.0
Oliver Platt,1.0
Olivia Colman,1.0
Olivia DeJonge,1.0
Olivia Wilde,1.0
Omar Sy,1.0
Oona Laurence,1.0
Oscar Isaac,1.0
Paddy Considine,1.0
Patrick Huard,1.0
Paul Bettany,1.0
Paul Dano,1.0
Paul Giamatti,1.0
Paul Sidhu,1.0
Peter Dinklage,1.0
Peter Stormare,1.0
Philip Seymour Hoffman,1.0
Pierce Brosnan,1.0
Pierre Niney,1.0
Prabhas,1.0
Quinton Aaron,1.0
Quvenzhané Wallis,1.0
Rachael Harris,1.0
Rachel Bilson,1.0
Rachel Korine,1.0
Radha Mitchell,1.0
Rainn Wilson,1.0
Ralph Fiennes,1.0
Ray Romano,1.0
Ray Winstone,1.0
Reiko Aylesworth,1.0
Renée Zellweger,1.0
Rhona Mitra,1.0
Ricardo Darín,1.0
Richard Dreyfuss,1.0
Richard Jenkins,1.0
Richenda Carey,1.0
Rihanna,1.0
Riley Keough,1.0
Riz Ahmed,1.0
Robert Duvall,1.0
Robert Hoffman,1.0
Robert Patrick,1.0
Robert Pattinson,1.0
Robert Toupin,1.0
Robin Wright,1.0
Rolf Lassgård,1.0
Romain Duris,1.0
Ron Perlman,1.0
Ronnie Gene Blevins,1.0
Rory Cochrane,1.0
Rosamund Pike,1.0
Rose McGowan,1.0
Rosie Shaw,1.0
Rudy Youngblood,1.0
Ruth Negga,1.0
Ruth Wilson,1.0
Ryan Potter,1.0
Ryoko Seta,1.0
Ryûnosuke Kamiki,1.0
Sally Field,1.0
Sally Phillips,1.0
Salma Hayek,1.0
Sam Neill,1.0
Sam Rockwell,1.0
Samantha Morton,1.0
Samantha Robinson,1.0
Samantha Sloyan,1.0
Sandra Hüller,1.0
Sanya Malhotra,1.0
Sarah Butler,1.0
Sarah Clarke,1.0
Sarah Dumont,1.0
Sarah Hyland,1.0
Sarah Roemer,1.0
Sasha Lane,1.0
Satomi Ishihara,1.0
Scott Adkins,1.0
Scott Eastwood,1.0
Scott Lawrence,1.0
Scott Speedman,1.0
Sean Faris,1.0
Seann William Scott,1.0
Sebastian Koch,1.0
Seth MacFarlane,1.0
Shameik Moore,1.0
Shannon Woodward,1.0
Shareeka Epps,1.0
Sheri Moon Zombie,1.0
Shone Romulus,1.0
Simona Stasová,1.0
Sofia Black-D'Elia,1.0
Sonoya Mizuno,1.0
Sophie Nélisse,1.0
Sophie Okonedo,1.0
Srdjan 'Zika' Todorovic,1.0
Stanley Tucci,1.0
Stephen Moyer,1.0
Stuart Graham,1.0
Sullivan Stapleton,1.0
Suraj Sharma,1.0
Susie Porter,1.0
T.J. Miller,1.0
Tadanobu Asano,1.0
Tamannaah Bhatia,1.0
Taraji P. Henson,1.0
Taraneh Alidoosti,1.0
Taron Egerton,1.0
Tatiana Pauhofová,1.0
Taylor Kitsch,1.0
Ted Levine,1.0
Teyonah Parris,1.0
Thomas Haden Church,1.0
Thomas Jane,1.0
Thomas Loibl,1.0
Tim Blake Nelson,1.0
Tim Pigott-Smith,1.0
Timothy Spall,1.0
Tina Fey,1.0
Toby Kebbell,1.0
Tom Cullen,1.0
Tom Hiddleston,1.0
Tom Hughes,1.0
Tom Mison,1.0
Tommy Lee Jones,1.0
Tony Amendola,1.0
Tony Revolori,1.0
Tony Shalhoub,1.0
Topher Grace,1.0
Travis Fimmel,1.0
Travis Tope,1.0
Trenton Rogers,1.0
Tyler James Williams,1.0
Tyler Perry,1.0
Ulrich Mühe,1.0
Vanessa Hudgens,1.0
Vanessa Ross,1.0
Vincent Cassel,1.0
Vincent D'Onofrio,1.0
Ving Rhames,1.0
Viola Davis,1.0
Ward Horton,1.0
Wendy Crewson,1.0
Wesley Elder,1.0
Willem Dafoe,1.0
William Atherton,1.0
William Fichtner,1.0
Winona Ryder,1.0
Woody Allen,1.0
Xavier Samuel,1.0
Yoo Gong,1.0
Zachary Quinto,1.0
